{"walking": 55.33273696899414, "eating": 50.17375183105469, "smoking": 51.368858337402344, "discussion": 81.70558166503906, "directions": 69.89544677734375, "greeting": 97.57486724853516, "phoning": 64.04386138916016, "posing": 98.41783905029297, "purchases": 91.41080474853516, "sitting": 69.41448211669922, "sittingdown": 88.72553253173828, "takingphoto": 65.41717529296875, "waiting": 70.53923034667969, "walkingdog": 103.58390045166016, "walkingtogether": 61.942501068115234, "overall": 74.63644205729166}