{"walking": 14.994691848754883, "eating": 9.135051727294922, "smoking": 9.526809692382812, "discussion": 14.356884002685547, "directions": 10.747179985046387, "greeting": 19.390657424926758, "phoning": 11.659305572509766, "posing": 14.084310531616211, "purchases": 18.490066528320312, "sitting": 12.366405487060547, "sittingdown": 20.0506591796875, "takingphoto": 11.544465065002441, "waiting": 11.554677963256836, "walkingdog": 26.379749298095703, "walkingtogether": 13.141388893127441, "overall": 14.49481913248698}