{"walking": 41.97114944458008, "eating": 32.990848541259766, "smoking": 34.21680450439453, "discussion": 56.109317779541016, "directions": 47.16810989379883, "greeting": 68.50554656982422, "phoning": 42.19935989379883, "posing": 61.69538497924805, "purchases": 65.162841796875, "sitting": 45.07545852661133, "sittingdown": 61.631412506103516, "takingphoto": 43.04011535644531, "waiting": 46.1673698425293, "walkingdog": 74.98605346679688, "walkingtogether": 44.273868560791016, "overall": 51.01291097005208}