{"walking": 7.801654815673828, "eating": 4.619053840637207, "smoking": 5.01323127746582, "discussion": 7.097105026245117, "directions": 5.045370101928711, "greeting": 9.666753768920898, "phoning": 5.975152969360352, "posing": 6.437356948852539, "purchases": 9.43741512298584, "sitting": 6.671864986419678, "sittingdown": 11.594755172729492, "takingphoto": 6.012537956237793, "waiting": 5.699468612670898, "walkingdog": 14.16567611694336, "walkingtogether": 6.482364654541016, "overall": 7.447983805338541}