{"walking": 59.22386169433594, "eating": 56.084110260009766, "smoking": 57.26172637939453, "discussion": 89.57328033447266, "directions": 77.33180236816406, "greeting": 106.70887756347656, "phoning": 71.33153533935547, "posing": 111.126708984375, "purchases": 99.72865295410156, "sitting": 77.8726806640625, "sittingdown": 97.80487823486328, "takingphoto": 73.02722930908203, "waiting": 78.7658462524414, "walkingdog": 113.00650787353516, "walkingtogether": 67.04363250732422, "overall": 82.3927490234375}