{"walking": 47.18514633178711, "eating": 32.96861267089844, "smoking": 34.18996047973633, "discussion": 55.75703048706055, "directions": 45.86042785644531, "greeting": 73.61283874511719, "phoning": 42.501220703125, "posing": 61.52424240112305, "purchases": 66.51909637451172, "sitting": 44.65856170654297, "sittingdown": 62.123008728027344, "takingphoto": 43.40005874633789, "waiting": 46.52324676513672, "walkingdog": 76.18087768554688, "walkingtogether": 47.072898864746094, "overall": 52.0051513671875}