{"walking": 67.91454315185547, "eating": 57.0192756652832, "smoking": 55.67340850830078, "discussion": 89.53152465820312, "directions": 75.28416442871094, "greeting": 118.06658172607422, "phoning": 71.19527435302734, "posing": 108.16287231445312, "purchases": 105.88899993896484, "sitting": 75.29914093017578, "sittingdown": 101.1326675415039, "takingphoto": 74.39061737060547, "waiting": 78.1976318359375, "walkingdog": 111.39142608642578, "walkingtogether": 70.16889190673828, "overall": 83.95447591145833}