{"walking": 14.373603820800781, "eating": 9.189666748046875, "smoking": 9.70159912109375, "discussion": 14.538309097290039, "directions": 11.058146476745605, "greeting": 19.325584411621094, "phoning": 11.485382080078125, "posing": 13.999272346496582, "purchases": 18.920133590698242, "sitting": 12.40766429901123, "sittingdown": 20.240028381347656, "takingphoto": 11.561315536499023, "waiting": 11.487397193908691, "walkingdog": 26.21317481994629, "walkingtogether": 12.826805114746094, "overall": 14.48853759765625}