{"walking": 35.74099349975586, "eating": 23.497802734375, "smoking": 24.671356201171875, "discussion": 39.64072799682617, "directions": 32.38863754272461, "greeting": 52.95899200439453, "phoning": 30.473379135131836, "posing": 42.4145622253418, "purchases": 48.99448776245117, "sitting": 31.8905086517334, "sittingdown": 45.78593444824219, "takingphoto": 30.736906051635742, "waiting": 32.729305267333984, "walkingdog": 59.02639389038086, "walkingtogether": 34.39689254760742, "overall": 37.689794921875}