{"walking": 56.043174743652344, "eating": 42.26072311401367, "smoking": 42.71384048461914, "discussion": 69.59495544433594, "directions": 57.47431945800781, "greeting": 91.83832550048828, "phoning": 53.53238296508789, "posing": 79.58541870117188, "purchases": 81.75344848632812, "sitting": 56.60746383666992, "sittingdown": 77.2558822631836, "takingphoto": 55.41014099121094, "waiting": 59.10909652709961, "walkingdog": 90.14714813232422, "walkingtogether": 56.93899154663086, "overall": 64.6843505859375}