{"walking": 63.170433044433594, "eating": 50.877010345458984, "smoking": 50.322689056396484, "discussion": 81.54696655273438, "directions": 67.98412322998047, "greeting": 107.51432800292969, "phoning": 63.84980392456055, "posing": 96.3786392211914, "purchases": 95.8702392578125, "sitting": 67.62886810302734, "sittingdown": 91.21849822998047, "takingphoto": 66.5114974975586, "waiting": 70.40979766845703, "walkingdog": 102.3839340209961, "walkingtogether": 64.8816146850586, "overall": 76.03655598958333}