{"walking": 29.195510864257812, "eating": 18.733821868896484, "smoking": 19.60816192626953, "discussion": 31.075531005859375, "directions": 25.002517700195312, "greeting": 41.95057678222656, "phoning": 24.155048370361328, "posing": 32.64421081542969, "purchases": 39.16474151611328, "sitting": 25.308074951171875, "sittingdown": 37.34260559082031, "takingphoto": 24.322738647460938, "waiting": 25.535961151123047, "walkingdog": 49.21705627441406, "walkingtogether": 27.36227798461914, "overall": 30.041253662109376}