{"walking": 27.00963020324707, "eating": 18.790664672851562, "smoking": 19.680988311767578, "discussion": 31.57811164855957, "directions": 25.808486938476562, "greeting": 40.465858459472656, "phoning": 23.746261596679688, "posing": 32.34627914428711, "purchases": 39.297828674316406, "sitting": 25.453601837158203, "sittingdown": 37.58346176147461, "takingphoto": 24.201393127441406, "waiting": 25.272598266601562, "walkingdog": 48.26879119873047, "walkingtogether": 26.175336837768555, "overall": 29.71195271809896}