{"walking": 8.017879486083984, "eating": 4.609715461730957, "smoking": 4.89350700378418, "discussion": 7.049542427062988, "directions": 4.910968780517578, "greeting": 9.600296020507812, "phoning": 6.015614032745361, "posing": 6.4495158195495605, "purchases": 9.187898635864258, "sitting": 6.668646812438965, "sittingdown": 11.486985206604004, "takingphoto": 5.980363845825195, "waiting": 5.721742153167725, "walkingdog": 14.055648803710938, "walkingtogether": 6.608980655670166, "overall": 7.41715342203776}