{"training_loss": [47.40829401892558, 34.919541675094436, 33.23461271436147, 32.830287491731674, 31.203860009730658, 31.13676767235017, 30.77302421184407, 30.917614676892967, 30.160878383180176, 29.434569527735107, 29.217797263389222, 28.773029678505633, 28.615997091736048, 28.279778272206947, 28.47679128832813, 26.557788079397792, 25.76416548677888, 25.24899003427597, 24.899074494197137, 24.59701684278428, 24.366044925024738, 24.106900566892804, 23.900162359848466, 23.64880252778431, 23.374838050151155, 22.79006926260202, 22.699839280150005, 22.647498729001185, 22.605830467891565, 22.572191365954726, 22.535675433369594, 22.499661066983005, 22.466314431439866, 22.433047062489408, 22.400590126115883, 22.326391128701612, 22.32117456690374, 22.316952937510592, 22.313625107283233, 22.30964947766049, 22.301495951937113, 22.300973885757706, 22.30061035276367, 22.300268686415894, 22.29987235345247, 22.299515653785388, 22.29912205415275, 22.29878038780497, 22.298457854772668, 22.298060155143855], "validation_loss": [39.37214958158996, 33.48460817642957, 33.06852989888424, 32.54079715829847, 31.413439243375173, 31.69067730125523, 32.95411218619247, 31.084098239191075, 31.180095013947, 31.65579018479777, 33.69421635285914, 31.20029419456067, 31.137663441422593, 30.714722803347282, 30.7144634762901, 29.793793584379358, 29.880530857740585, 29.622108176429567, 29.78232217573222, 30.18173160739191, 29.67448788354254, 29.95408167712692, 29.782895310320782, 29.873801429567642, 30.501235617154812, 30.140716527196652, 30.04457810320781, 29.920432357043236, 29.906570345188285, 29.986800470711298, 29.949788615760113, 29.90182400627615, 29.96382060669456, 29.894497472105996, 29.952719665271967, 29.959847890516038, 29.97009239888424, 29.969292625523014, 29.968608350767084, 29.96777806834031, 29.97270310320781, 29.97238929567643, 29.973237011854952, 29.973651063458856, 29.975008716875873, 29.974670937935844, 29.97531162831241, 29.975518654114364, 29.975150366108785, 29.97473631450488], "train_mpjperror": [], "val_mpjperror": [108.20651245117188, 61.60773849487305, 41.12969207763672, 40.66587829589844, 41.80673599243164, 51.75956726074219, 43.42888259887695, 45.96391296386719, 41.46975326538086, 37.74436950683594, 101.83014678955078, 55.40537643432617, 42.52808380126953, 39.5742073059082, 39.7509651184082, 34.3331298828125, 34.68037796020508, 35.6053581237793, 34.167999267578125, 34.576080322265625, 36.853092193603516, 35.941688537597656, 36.71463394165039, 34.84621810913086, 36.78169250488281, 37.070560455322266, 36.38064193725586, 34.758522033691406, 38.094207763671875, 34.05204772949219, 35.892974853515625, 34.657569885253906, 35.807403564453125, 33.78507614135742, 34.14097595214844, 33.3716926574707, 36.338932037353516, 32.835914611816406, 34.85313415527344, 34.42308044433594, 35.804405212402344, 32.8219108581543, 34.5170783996582, 34.569252014160156, 30.324697494506836, 33.9073371887207, 36.40629196166992, 33.53266525268555, 35.13615036010742, 33.63514709472656]}