{"training_loss": [52.270270720903476, 38.432172492177386, 36.36087969009654, 35.59043111928727, 34.47650436010159, 34.06457341032752, 33.37317078592985, 33.27931327705125, 32.73498696693659, 32.70328522122861], "validation_loss": [38.44391470797721, 34.83463319088319, 35.056325676638174, 34.54986645299145, 34.01323450854701, 32.50293135683761, 32.777167913105416, 32.55990251068376, 35.622845441595445, 31.926671563390315], "train_mpjperror": [], "val_mpjperror": [118.47305911680911, 115.43928062678063, 290.2460648148148, 122.70108618233618, 152.02305911680912, 93.00013354700855, 94.8514066951567, 130.25390847578348, 135.04755163817663, 111.27094907407407]}