{"training_loss": [51.660202772001995, 35.95790155077427, 33.577011887214375, 32.43574683203775, 31.86228541644482, 31.8847147572957, 30.881783586564815, 30.934216794543428, 30.323832715900622, 29.86493916279487, 29.21163276858323, 29.488196853615204, 29.216267717329778, 30.22242429677123, 29.494614043838656, 25.44231254238428, 24.69882080626811, 24.262365000812657, 23.867458400354206, 23.52713714852573, 23.128824393169197, 22.899004915175393, 22.567098869565704, 22.236217052351943, 21.974227555246685, 21.439608355237716, 21.265626838987373, 21.1778542485162, 21.116375324362345, 21.06435124728881, 21.014510135797835, 20.96796589081249, 20.92117924977722, 20.883787207093096, 20.834587814624467, 20.753850314134073, 20.746110454135305, 20.74017945714494, 20.73618202402103, 20.731541470741536, 20.721904476340463, 20.721345424179077, 20.720908270609268, 20.720445896641202, 20.719968110207535, 20.71955197363628, 20.7190853962685, 20.718683271029608, 20.71825032085951, 20.71774451176111], "validation_loss": [36.23408477321814, 34.1551093412527, 34.55948749100072, 34.82433855291577, 32.96236276097912, 33.643313534917205, 33.51166981641469, 32.54565784737221, 36.993331533477324, 31.727308315334774, 31.897045986321093, 32.856094762419005, 30.90098767098632, 32.54219537437005, 31.722158477321813, 31.125368970482363, 30.966896148308134, 31.404463642908567, 30.97866045716343, 31.109111771058316, 30.933385079193666, 32.20119690424766, 30.731207253419726, 31.41126259899208, 31.07694384449244, 31.088658657307416, 31.133072354211663, 31.19073299136069, 31.223978581713464, 31.20574829013679, 31.165827483801294, 31.154769618430525, 31.137338012958963, 31.199660277177827, 31.235470662347012, 31.196632019438447, 31.21005444564435, 31.185900377969762, 31.20451088912887, 31.208353581713464, 31.203982181425484, 31.202263318934484, 31.20069069474442, 31.20241405687545, 31.202778527717783, 31.201320644348453, 31.200492710583152, 31.200569204463644, 31.201955093592513, 31.200553455723544], "train_mpjperror": [], "val_mpjperror": [144.25338372930165, 102.05209683225343, 91.38669906407488, 233.809845212383, 146.71411087113032, 104.36805255579554, 130.70020698344132, 113.98255939524839, 230.27588192944563, 117.25262778977682, 83.676718862491, 90.57050935925126, 94.55736141108711, 119.61181605471562, 86.43219942404608, 82.70646148308136, 82.12084233261339, 94.57625989920807, 82.60487760979122, 105.60630849532038, 90.73091252699784, 84.10933225341972, 74.14916756659467, 87.387967962563, 99.10279877609791, 76.83511519078473, 78.86697264218863, 77.93541216702664, 79.45090892728582, 87.44429445644349, 77.65617350611952, 78.2687185025198, 79.87335313174945, 78.61943844492441, 81.62401007919367, 78.23416126709863, 78.06733261339093, 77.85412167026638, 78.67995860331173, 78.87048236141109, 78.71002519798417, 78.5876709863211, 78.59100971922246, 78.59362850971922, 78.65424766018718, 78.62356011519078, 78.53183045356371, 78.54180165586753, 78.67108531317494, 78.60053995680346]}